{
  "top_gene_count": 2000,
  "feature_strategy": {
    "top_genes": 2000,
    "aggregation": "inverse_rank_sum"
  },
  "hidden_dims": [
    512,
    256
  ],
  "dropout": 0.2,
  "epochs": 20,
  "metrics": {
    "train": {
      "accuracy": 0.9547889137193937,
      "macro_f1": 0.9518460275203784,
      "macro_auc": 0.9913415691179934,
      "confusion_matrix": [
        [
          58259,
          4689
        ],
        [
          2756,
          98968
        ]
      ],
      "per_class": {
        "Normal": {
          "precision": 0.9548307793165615,
          "recall": 0.9255099447162738,
          "f1": 0.9399417568145333,
          "support": 62948
        },
        "Tumor": {
          "precision": 0.9547642706233057,
          "recall": 0.9729070819079076,
          "f1": 0.9637502982262235,
          "support": 101724
        }
      }
    },
    "val": {
      "accuracy": 0.7246602806861216,
      "macro_f1": 0.7240033905117405,
      "macro_auc": 0.8932114782619781,
      "confusion_matrix": [
        [
          6068,
          4269
        ],
        [
          675,
          6944
        ]
      ],
      "per_class": {
        "Normal": {
          "precision": 0.8998961886400711,
          "recall": 0.5870175099158363,
          "f1": 0.7105386416861826,
          "support": 10337
        },
        "Tumor": {
          "precision": 0.6192811914741817,
          "recall": 0.9114056962856018,
          "f1": 0.7374681393372982,
          "support": 7619
        }
      }
    },
    "test": {
      "accuracy": 0.8255274750753536,
      "macro_f1": 0.7582849652782389,
      "macro_auc": 0.9055906121093134,
      "confusion_matrix": [
        [
          3857,
          3299
        ],
        [
          1216,
          17506
        ]
      ],
      "per_class": {
        "Normal": {
          "precision": 0.7602996254681648,
          "recall": 0.5389882615986584,
          "f1": 0.6307956496851745,
          "support": 7156
        },
        "Tumor": {
          "precision": 0.8414323479932708,
          "recall": 0.935049674180109,
          "f1": 0.8857742808713032,
          "support": 18722
        }
      }
    }
  },
  "classes": [
    "Normal",
    "Tumor"
  ]
}