{
  "train": {
    "accuracy": 0.9802334337349398,
    "macro_f1": 0.9791532074133289,
    "macro_auc": 0.9982224921104518,
    "confusion_matrix": [
      [
        61966,
        982
      ],
      [
        2273,
        99451
      ]
    ],
    "per_class": {
      "Normal": {
        "precision": 0.9646165102196484,
        "recall": 0.9843998220753638,
        "f1": 0.9744077617995549,
        "support": 62948
      },
      "Tumor": {
        "precision": 0.9902223372795794,
        "recall": 0.9776552239392867,
        "f1": 0.9838986530271028,
        "support": 101724
      }
    }
  },
  "val": {
    "accuracy": 0.8539206950323012,
    "macro_f1": 0.853268628237719,
    "macro_auc": 0.9467372438950432,
    "confusion_matrix": [
      [
        8265,
        2072
      ],
      [
        551,
        7068
      ]
    ],
    "per_class": {
      "Normal": {
        "precision": 0.9375,
        "recall": 0.7995549966141047,
        "f1": 0.8630501749073252,
        "support": 10337
      },
      "Tumor": {
        "precision": 0.7733041575492341,
        "recall": 0.9276807980049875,
        "f1": 0.8434870815681126,
        "support": 7619
      }
    }
  },
  "test": {
    "accuracy": 0.8890949841564263,
    "macro_f1": 0.8427567330923155,
    "macro_auc": 0.9699087809399618,
    "confusion_matrix": [
      [
        4480,
        2676
      ],
      [
        194,
        18528
      ]
    ],
    "per_class": {
      "Normal": {
        "precision": 0.9584937954642704,
        "recall": 0.6260480715483511,
        "f1": 0.757396449704142,
        "support": 7156
      },
      "Tumor": {
        "precision": 0.8737973967176005,
        "recall": 0.9896378592030766,
        "f1": 0.9281170164804888,
        "support": 18722
      }
    }
  },
  "classes": [
    "Normal",
    "Tumor"
  ],
  "model_type": "hist_gb",
  "top_gene_count": 2000,
  "feature_strategy": {
    "top_genes": 2000,
    "aggregation": "inverse_rank_sum"
  }
}