{
  "train": {
    "accuracy": 0.992663354986626,
    "macro_f1": 0.9900909009328638,
    "macro_auc": 0.9986535464916401,
    "confusion_matrix": [
      [
        9828,
        53
      ],
      [
        43,
        3161
      ]
    ],
    "per_class": {
      "Normal": {
        "precision": 0.9956438050856043,
        "recall": 0.9946361704280943,
        "f1": 0.9951397326852977,
        "support": 9881
      },
      "Tumor": {
        "precision": 0.9835096453018046,
        "recall": 0.9865792759051186,
        "f1": 0.98504206918043,
        "support": 3204
      }
    }
  },
  "val": {
    "accuracy": 0.5820227437696588,
    "macro_f1": 0.5658582493329443,
    "macro_auc": 0.6386630531847853,
    "confusion_matrix": [
      [
        3203,
        1935
      ],
      [
        1520,
        1608
      ]
    ],
    "per_class": {
      "Normal": {
        "precision": 0.6781706542451832,
        "recall": 0.6233943168548073,
        "f1": 0.6496298549842814,
        "support": 5138
      },
      "Tumor": {
        "precision": 0.45385266723116,
        "recall": 0.5140664961636828,
        "f1": 0.4820866436816069,
        "support": 3128
      }
    }
  },
  "test": {
    "accuracy": 0.7671119907636483,
    "macro_f1": 0.6950700904286922,
    "macro_auc": 0.8250477886549092,
    "confusion_matrix": [
      [
        3799,
        342
      ],
      [
        1070,
        852
      ]
    ],
    "per_class": {
      "Normal": {
        "precision": 0.7802423495584309,
        "recall": 0.917411253320454,
        "f1": 0.8432852386237514,
        "support": 4141
      },
      "Tumor": {
        "precision": 0.7135678391959799,
        "recall": 0.4432882414151925,
        "f1": 0.546854942233633,
        "support": 1922
      }
    }
  },
  "classes": [
    "Normal",
    "Tumor"
  ],
  "model_type": "hist_gb",
  "top_gene_count": 2000,
  "feature_strategy": {
    "top_genes": 2000,
    "aggregation": "inverse_rank_sum"
  }
}