{
  "top_gene_count": 2000,
  "feature_strategy": {
    "top_genes": 2000,
    "aggregation": "inverse_rank_sum"
  },
  "hidden_dims": [
    512,
    256
  ],
  "dropout": 0.2,
  "epochs": 30,
  "metrics": {
    "train": {
      "accuracy": 0.9996178830722201,
      "macro_f1": 0.9994834117288112,
      "macro_auc": 0.9999979468534487,
      "confusion_matrix": [
        [
          9878,
          3
        ],
        [
          2,
          3202
        ]
      ],
      "per_class": {
        "Normal": {
          "precision": 0.9997975708502024,
          "recall": 0.9996963870053638,
          "f1": 0.9997469763675927,
          "support": 9881
        },
        "Tumor": {
          "precision": 0.9990639625585024,
          "recall": 0.9993757802746567,
          "f1": 0.9992198470900296,
          "support": 3204
        }
      }
    },
    "val": {
      "accuracy": 0.6370675054439874,
      "macro_f1": 0.5192536229293572,
      "macro_auc": 0.6556508087774857,
      "confusion_matrix": [
        [
          4679,
          459
        ],
        [
          2541,
          587
        ]
      ],
      "per_class": {
        "Normal": {
          "precision": 0.6480609418282548,
          "recall": 0.9106656286492799,
          "f1": 0.7572422722123321,
          "support": 5138
        },
        "Tumor": {
          "precision": 0.5611854684512428,
          "recall": 0.18765984654731457,
          "f1": 0.28126497364638237,
          "support": 3128
        }
      }
    },
    "test": {
      "accuracy": 0.6590796635329045,
      "macro_f1": 0.6118970772419896,
      "macro_auc": 0.6959532112191955,
      "confusion_matrix": [
        [
          3055,
          1086
        ],
        [
          981,
          941
        ]
      ],
      "per_class": {
        "Normal": {
          "precision": 0.7569375619425174,
          "recall": 0.7377445061579329,
          "f1": 0.7472178060413355,
          "support": 4141
        },
        "Tumor": {
          "precision": 0.4642328564380858,
          "recall": 0.48959417273673256,
          "f1": 0.47657634844264374,
          "support": 1922
        }
      }
    }
  },
  "classes": [
    "Normal",
    "Tumor"
  ]
}