{
  "train": {
    "accuracy": 1.0,
    "macro_f1": 1.0,
    "macro_auc": 1.0,
    "confusion_matrix": [
      [
        1973,
        0
      ],
      [
        0,
        19018
      ]
    ],
    "per_class": {
      "Normal": {
        "precision": 1.0,
        "recall": 1.0,
        "f1": 1.0,
        "support": 1973
      },
      "Tumor": {
        "precision": 1.0,
        "recall": 1.0,
        "f1": 1.0,
        "support": 19018
      }
    }
  },
  "val": {
    "accuracy": 0.9872116349047142,
    "macro_f1": 0.98045308275667,
    "macro_auc": 0.999793642148422,
    "confusion_matrix": [
      [
        796,
        51
      ],
      [
        0,
        3141
      ]
    ],
    "per_class": {
      "Normal": {
        "precision": 1.0,
        "recall": 0.9397874852420307,
        "f1": 0.9689592209373098,
        "support": 847
      },
      "Tumor": {
        "precision": 0.9840225563909775,
        "recall": 1.0,
        "f1": 0.9919469445760303,
        "support": 3141
      }
    }
  },
  "test": {
    "accuracy": 0.9888662089441455,
    "macro_f1": 0.9628781755726592,
    "macro_auc": 0.9954387432709361,
    "confusion_matrix": [
      [
        820,
        63
      ],
      [
        57,
        9838
      ]
    ],
    "per_class": {
      "Normal": {
        "precision": 0.935005701254276,
        "recall": 0.928652321630804,
        "f1": 0.9318181818181818,
        "support": 883
      },
      "Tumor": {
        "precision": 0.9936370063629937,
        "recall": 0.9942395149065184,
        "f1": 0.9939381693271369,
        "support": 9895
      }
    }
  },
  "classes": [
    "Normal",
    "Tumor"
  ],
  "model_type": "xgboost",
  "top_gene_count": 2000,
  "feature_strategy": {
    "top_genes": 2000,
    "aggregation": "inverse_rank_sum"
  }
}