{
  "train": {
    "accuracy": 0.6514329384791746,
    "macro_auc": 0.8260716457847909,
    "per_class": {
      "Border": {
        "precision": 0.5410229088971763,
        "recall": 0.5037202380952381,
        "f1": 0.5217056254816337,
        "support": 4032
      },
      "Normal": {
        "precision": 0.7327815962968158,
        "recall": 0.8931441272012309,
        "f1": 0.8050547079673293,
        "support": 5849
      },
      "Tumor": {
        "precision": 0.5762942779291553,
        "recall": 0.3960674157303371,
        "f1": 0.46947835738068816,
        "support": 3204
      }
    }
  },
  "val": {
    "accuracy": 0.2575610936365836,
    "macro_auc": 0.5757487590062489,
    "per_class": {
      "Border": {
        "precision": 0.27044025157232704,
        "recall": 0.14495862703034018,
        "f1": 0.18874700718276138,
        "support": 3263
      },
      "Normal": {
        "precision": 0.23219917012448132,
        "recall": 0.7461333333333333,
        "f1": 0.35417721518987344,
        "support": 1875
      },
      "Tumor": {
        "precision": 0.5223577235772358,
        "recall": 0.08216112531969309,
        "f1": 0.1419889502762431,
        "support": 3128
      }
    }
  },
  "test": {
    "accuracy": 0.5657265380174831,
    "macro_auc": 0.7850906539765634,
    "per_class": {
      "Border": {
        "precision": 0.4972894831947958,
        "recall": 0.6463128229215594,
        "f1": 0.5620915032679739,
        "support": 2129
      },
      "Normal": {
        "precision": 0.640358361774744,
        "recall": 0.7460238568588469,
        "f1": 0.6891643709825527,
        "support": 2012
      },
      "Tumor": {
        "precision": 0.5808823529411765,
        "recall": 0.28772112382934445,
        "f1": 0.38482950591510096,
        "support": 1922
      }
    }
  }
}