{
  "train": {
    "accuracy": 1.0,
    "macro_f1": 1.0,
    "macro_auc": 1.0,
    "confusion_matrix": [
      [
        9881,
        0
      ],
      [
        0,
        3204
      ]
    ],
    "per_class": {
      "Normal": {
        "precision": 1.0,
        "recall": 1.0,
        "f1": 1.0,
        "support": 9881
      },
      "Tumor": {
        "precision": 1.0,
        "recall": 1.0,
        "f1": 1.0,
        "support": 3204
      }
    }
  },
  "val": {
    "accuracy": 0.5816598112751028,
    "macro_f1": 0.5259352651620692,
    "macro_auc": 0.6430775618504718,
    "confusion_matrix": [
      [
        3821,
        1317
      ],
      [
        2141,
        987
      ]
    ],
    "per_class": {
      "Normal": {
        "precision": 0.6408923180140892,
        "recall": 0.7436745815492409,
        "f1": 0.6884684684684685,
        "support": 5138
      },
      "Tumor": {
        "precision": 0.4283854166666667,
        "recall": 0.315537084398977,
        "f1": 0.3634020618556701,
        "support": 3128
      }
    }
  },
  "test": {
    "accuracy": 0.7476496783770411,
    "macro_f1": 0.6094072638099634,
    "macro_auc": 0.8192235659697032,
    "confusion_matrix": [
      [
        4070,
        71
      ],
      [
        1459,
        463
      ]
    ],
    "per_class": {
      "Normal": {
        "precision": 0.7361186471332971,
        "recall": 0.9828543829992755,
        "f1": 0.8417786970010342,
        "support": 4141
      },
      "Tumor": {
        "precision": 0.8670411985018727,
        "recall": 0.240894901144641,
        "f1": 0.37703583061889245,
        "support": 1922
      }
    }
  },
  "classes": [
    "Normal",
    "Tumor"
  ],
  "model_type": "xgboost",
  "top_gene_count": 2000,
  "feature_strategy": {
    "top_genes": 2000,
    "aggregation": "inverse_rank_sum"
  }
}