{
  "train": {
    "accuracy": 0.9674079382044306,
    "macro_f1": 0.9654069263262659,
    "macro_auc": 0.9954687308548604,
    "confusion_matrix": [
      [
        59850,
        3098
      ],
      [
        2269,
        99455
      ]
    ],
    "per_class": {
      "Normal": {
        "precision": 0.9634733334406542,
        "recall": 0.9507847747347017,
        "f1": 0.9570870013672671,
        "support": 62948
      },
      "Tumor": {
        "precision": 0.9697912299006367,
        "recall": 0.9776945460265031,
        "f1": 0.9737268512852646,
        "support": 101724
      }
    }
  },
  "val": {
    "accuracy": 0.8449543328135443,
    "macro_f1": 0.8444100666509193,
    "macro_auc": 0.940867264586506,
    "confusion_matrix": [
      [
        8117,
        2220
      ],
      [
        564,
        7055
      ]
    ],
    "per_class": {
      "Normal": {
        "precision": 0.9350305264370464,
        "recall": 0.785237496372255,
        "f1": 0.8536123672310443,
        "support": 10337
      },
      "Tumor": {
        "precision": 0.7606469002695417,
        "recall": 0.9259745373408583,
        "f1": 0.8352077660707943,
        "support": 7619
      }
    }
  },
  "test": {
    "accuracy": 0.8748357678336811,
    "macro_f1": 0.8168487305825807,
    "macro_auc": 0.9636545558863711,
    "confusion_matrix": [
      [
        4039,
        3117
      ],
      [
        122,
        18600
      ]
    ],
    "per_class": {
      "Normal": {
        "precision": 0.9706801249699591,
        "recall": 0.5644214645053103,
        "f1": 0.7137934081470354,
        "support": 7156
      },
      "Tumor": {
        "precision": 0.8564718883823732,
        "recall": 0.9934836021792544,
        "f1": 0.9199040530181261,
        "support": 18722
      }
    }
  },
  "classes": [
    "Normal",
    "Tumor"
  ],
  "model_type": "xgboost",
  "top_gene_count": 2000,
  "feature_strategy": {
    "top_genes": 2000,
    "aggregation": "inverse_rank_sum"
  }
}