{
  "train": {
    "accuracy": 0.7277982899339293,
    "macro_auc": 3.891964758804838,
    "per_class": {
      "Normal": {
        "precision": 0.6810227726727927,
        "recall": 0.5415898837135413,
        "f1": 0.6033555146538297,
        "support": 62948
      },
      "Tumor": {
        "precision": 0.7482288067567096,
        "recall": 0.8430262278321733,
        "f1": 0.792803786702167,
        "support": 101724
      }
    }
  },
  "val": {
    "accuracy": 0.4552238805970149,
    "macro_auc": 0.4903469954513471,
    "per_class": {
      "Normal": {
        "precision": 0.5328285815686739,
        "recall": 0.435716358711425,
        "f1": 0.47940393826503463,
        "support": 10337
      },
      "Tumor": {
        "precision": 0.38619383352625486,
        "recall": 0.481690510565691,
        "f1": 0.42868823735544903,
        "support": 7619
      }
    }
  },
  "test": {
    "accuracy": 0.6895818842259834,
    "macro_auc": 0.7527063630971571,
    "per_class": {
      "Normal": {
        "precision": 0.3410656034795216,
        "recall": 0.1314980435997764,
        "f1": 0.18981341401916288,
        "support": 7156
      },
      "Tumor": {
        "precision": 0.7311734936632207,
        "recall": 0.9028949898515116,
        "f1": 0.808011280801128,
        "support": 18722
      }
    }
  }
}