{
  "train": {
    "accuracy": 0.9593635367538469,
    "macro_auc": 0.9809516228043782,
    "per_class": {
      "Normal": {
        "precision": 0.7742409402546523,
        "recall": 0.801317790167258,
        "f1": 0.787546699875467,
        "support": 1973
      },
      "Tumor": {
        "precision": 0.9793128925009236,
        "recall": 0.9757598064991061,
        "f1": 0.9775331208681223,
        "support": 19018
      }
    }
  },
  "val": {
    "accuracy": 0.9332998996990973,
    "macro_auc": 0.9864758551916666,
    "per_class": {
      "Normal": {
        "precision": 0.9029126213592233,
        "recall": 0.768595041322314,
        "f1": 0.8303571428571429,
        "support": 847
      },
      "Tumor": {
        "precision": 0.9400061218243037,
        "recall": 0.9777141037886024,
        "f1": 0.9584893882646692,
        "support": 3141
      }
    }
  },
  "test": {
    "accuracy": 0.9628873631471516,
    "macro_auc": 0.9839685897850419,
    "per_class": {
      "Normal": {
        "precision": 0.7747440273037542,
        "recall": 0.7712344280860702,
        "f1": 0.7729852440408628,
        "support": 883
      },
      "Tumor": {
        "precision": 0.9795938983735731,
        "recall": 0.9799898938858009,
        "f1": 0.9797918561180157,
        "support": 9895
      }
    }
  }
}