{
  "train": {
    "accuracy": 0.9983802582058978,
    "macro_f1": 0.9952685221446429,
    "macro_auc": 0.9998115797891367,
    "confusion_matrix": [
      [
        1967,
        6
      ],
      [
        28,
        18990
      ]
    ],
    "per_class": {
      "Normal": {
        "precision": 0.9859649122807017,
        "recall": 0.9969589457678661,
        "f1": 0.9914314516129031,
        "support": 1973
      },
      "Tumor": {
        "precision": 0.9996841440303221,
        "recall": 0.9985277105899674,
        "f1": 0.9991055926763823,
        "support": 19018
      }
    }
  },
  "val": {
    "accuracy": 0.9894684052156469,
    "macro_f1": 0.9839960557695835,
    "macro_auc": 0.9995812702246669,
    "confusion_matrix": [
      [
        807,
        40
      ],
      [
        2,
        3139
      ]
    ],
    "per_class": {
      "Normal": {
        "precision": 0.9975278121137207,
        "recall": 0.9527744982290437,
        "f1": 0.9746376811594203,
        "support": 847
      },
      "Tumor": {
        "precision": 0.9874174268637936,
        "recall": 0.9993632601082458,
        "f1": 0.9933544303797469,
        "support": 3141
      }
    }
  },
  "test": {
    "accuracy": 0.9870105771015031,
    "macro_f1": 0.957823272546431,
    "macro_auc": 0.9942858679784397,
    "confusion_matrix": [
      [
        836,
        47
      ],
      [
        93,
        9802
      ]
    ],
    "per_class": {
      "Normal": {
        "precision": 0.8998923573735199,
        "recall": 0.9467723669309174,
        "f1": 0.9227373068432672,
        "support": 883
      },
      "Tumor": {
        "precision": 0.9952279419230379,
        "recall": 0.9906013137948458,
        "f1": 0.9929092382495949,
        "support": 9895
      }
    }
  },
  "classes": [
    "Normal",
    "Tumor"
  ],
  "model_type": "hist_gb",
  "top_gene_count": 2000,
  "feature_strategy": {
    "top_genes": 2000,
    "aggregation": "inverse_rank_sum"
  }
}