{
  "train": {
    "accuracy": 0.7712648070309515,
    "macro_auc": 0.8098902849021963,
    "per_class": {
      "Normal": {
        "precision": 0.8004711219682429,
        "recall": 0.9285497419289546,
        "f1": 0.8597666682284588,
        "support": 9881
      },
      "Tumor": {
        "precision": 0.5650030807147258,
        "recall": 0.2862047440699126,
        "f1": 0.3799461363165527,
        "support": 3204
      }
    }
  },
  "val": {
    "accuracy": 0.6255746431163803,
    "macro_auc": 0.6451351272649801,
    "per_class": {
      "Normal": {
        "precision": 0.6259400813709777,
        "recall": 0.9881276761385753,
        "f1": 0.7663974639595441,
        "support": 5138
      },
      "Tumor": {
        "precision": 0.6064516129032258,
        "recall": 0.030051150895140665,
        "f1": 0.05726469692354554,
        "support": 3128
      }
    }
  },
  "test": {
    "accuracy": 0.7082302490516246,
    "macro_auc": 0.7187056869692959,
    "per_class": {
      "Normal": {
        "precision": 0.7280769230769231,
        "recall": 0.9142719149963777,
        "f1": 0.8106198479820148,
        "support": 4141
      },
      "Tumor": {
        "precision": 0.5886442641946698,
        "recall": 0.2643080124869927,
        "f1": 0.36481149012567327,
        "support": 1922
      }
    }
  }
}