{
  "top_gene_count": 2000,
  "feature_strategy": {
    "top_genes": 2000,
    "aggregation": "inverse_rank_sum"
  },
  "hidden_dims": [
    512,
    256
  ],
  "dropout": 0.2,
  "epochs": 30,
  "metrics": {
    "train": {
      "accuracy": 0.9997141632128055,
      "macro_f1": 0.9991620055975412,
      "macro_auc": 0.9999996801920041,
      "confusion_matrix": [
        [
          1973,
          0
        ],
        [
          6,
          19012
        ]
      ],
      "per_class": {
        "Normal": {
          "precision": 0.9969681657402729,
          "recall": 1.0,
          "f1": 0.9984817813765182,
          "support": 1973
        },
        "Tumor": {
          "precision": 1.0,
          "recall": 0.9996845094121358,
          "f1": 0.9998422298185643,
          "support": 19018
        }
      }
    },
    "val": {
      "accuracy": 0.9681544633901705,
      "macro_f1": 0.9522207552874509,
      "macro_auc": 0.9918048869598751,
      "confusion_matrix": [
        [
          779,
          68
        ],
        [
          59,
          3082
        ]
      ],
      "per_class": {
        "Normal": {
          "precision": 0.9295942720763724,
          "recall": 0.9197166469893743,
          "f1": 0.9246290801186944,
          "support": 847
        },
        "Tumor": {
          "precision": 0.9784126984126984,
          "recall": 0.9812161731932506,
          "f1": 0.9798124304562073,
          "support": 3141
        }
      }
    },
    "test": {
      "accuracy": 0.9518463536834292,
      "macro_f1": 0.8624476329607693,
      "macro_auc": 0.9780397457562617,
      "confusion_matrix": [
        [
          785,
          98
        ],
        [
          421,
          9474
        ]
      ],
      "per_class": {
        "Normal": {
          "precision": 0.6509121061359867,
          "recall": 0.8890147225368064,
          "f1": 0.7515557683101963,
          "support": 883
        },
        "Tumor": {
          "precision": 0.9897618052653573,
          "recall": 0.9574532592218292,
          "f1": 0.9733394976113423,
          "support": 9895
        }
      }
    }
  },
  "classes": [
    "Normal",
    "Tumor"
  ]
}